JAN,NAME,PRICE,URL
4988021714358,【アウトレット品】ナースウィッチ小麦ちゃんR Vol.2【Blu-ray/アニメ】,5295,https://item.rakuten.co.jp/dvdoutlet/4988021714358-3/
4935228174652,【アウトレット品】多田くんは恋をしない 1【DVD/アニメ】,5118,https://item.rakuten.co.jp/dvdoutlet/4935228174652-3/
4534530095589,Rewrite 2〈完全生産限定版〉【DVD/アニメ】初回出荷限定,5172,https://item.rakuten.co.jp/dvdoutlet/4534530095589-1/
4988002799992,サカナクション/SAKANAQUARIUM 2019“834.194“6.1ch Sound Around Arena Session-LIVE at PORTMESSE NAGOYA 2019.06.14-〈完全生産限定盤・2枚組〉【DVD/邦楽】初回出荷限定,5663,https://item.rakuten.co.jp/dvdoutlet/4988002799992-4/
4988061781631,でんぱ組.inc/COSMO TOUR2018〈初回限定盤・2枚組〉【Blu-ray/邦楽】初回出荷限定,6391,https://item.rakuten.co.jp/dvdoutlet/4988061781631-1/
4945817920966,【アウトレット品】J/CRAZY CRAZY IV THE FLAMING FREEDOM〈2枚組〉【DVD/邦楽】,4931,https://item.rakuten.co.jp/dvdoutlet/4945817920966-3/
4988064920037,U-KISS/LIVE IN BUDOKAN【Blu-ray/洋楽】,4968,https://item.rakuten.co.jp/dvdoutlet/4988064920037-1/
4988064869756,GENERATIONS from EXILE TRIBE／SHONEN CHRONICLE【CD/邦楽ポップス】初回出荷限定盤(初回生産限定盤),5990,https://item.rakuten.co.jp/dvdoutlet/4988064869756-4/
4935228105038,フリージング Vol.4【Blu-ray/アニメ】,5629,https://item.rakuten.co.jp/dvdoutlet/4935228105038-1/
4988102460860,ALL OUT!! 第2巻〈初回限定版〉【DVD/アニメ】初回出荷限定,5981,https://item.rakuten.co.jp/dvdoutlet/4988102460860-1/
4935228103430,百花繚乱 サムライガールズ 第五巻【Blu-ray/アニメ】,4926,https://item.rakuten.co.jp/dvdoutlet/4935228103430-1/
4934569363039,アイドリッシュセブン 1〈特装限定版〉【Blu-ray/アニメ】初回出荷限定,5748,https://item.rakuten.co.jp/dvdoutlet/4934569363039-1/
4935228091782,Phantom〜Requiem for the Phantom〜Mission-2【DVD/アニメ】,5629,https://item.rakuten.co.jp/dvdoutlet/4935228091782-1/
4515778194975,B〉（TSUTAYA限定）君の名は。スペシャル・エデ【Blu-ray・オリジナルアニメ】,5665,https://item.rakuten.co.jp/dvdoutlet/4515778194975-1/
4988008094381,うしおととら 十一【Blu-ray/アニメ】,6598,https://item.rakuten.co.jp/dvdoutlet/4988008094381-1/
4988061781785,SEKAI NO OWARI/TOUR 2019 The Colors【Blu-ray/邦楽】,5486,https://item.rakuten.co.jp/dvdoutlet/4988061781785-4/
4988102092085,【アウトレット品】運命の誘惑 DVD-SET 4〈5枚組〉【DVD/洋画ドラマ】,6351,https://item.rakuten.co.jp/dvdoutlet/4988102092085-3/
4988013893429,A.B.C-Z/A.B.C-Z Concert Tour 2019 Going with Zephyr〈初回限定盤・2枚組〉【DVD/邦楽】初回出荷限定,4892,https://item.rakuten.co.jp/dvdoutlet/4988013893429-1/
4580303213896,B〉全国ツアー〜全国統一終わっとらんけん【Blu-ray・音楽】【新品】,17877,https://item.rakuten.co.jp/dvdoutlet/4580303213896-0/
4934569361721,ラブライブ!サンシャイン!! 3〈特装限定版〉【Blu-ray/アニメ】初回出荷限定,5174,https://item.rakuten.co.jp/dvdoutlet/4934569361721-1/
4943674284993,TWICE／BDZ【CD/韓国・中国系歌手】初回出荷限定盤(初回限定盤A),5088,https://item.rakuten.co.jp/dvdoutlet/4943674284993-4/
4547366462951,欅坂46/欅共和国2019〈初回生産限定盤・2枚組〉【DVD/邦楽】初回出荷限定,4992,https://item.rakuten.co.jp/dvdoutlet/4547366462951-1/
4571436892591,ノーゲーム・ノーライフ II【Blu-ray/アニメ】,5071,https://item.rakuten.co.jp/dvdoutlet/4571436892591-1/
4547366423372,加藤ミリヤ／M BEST 2【CD/邦楽ポップス】初回出荷限定盤,5227,https://item.rakuten.co.jp/dvdoutlet/4547366423372-1/
4988064498550,I AM:SMTOWN LIVE WORLD TOUR in Madison Square Garden ライブDISC付コンプリートDVD-BOX(’12韓国)〈4枚組〉【DVD/洋画音楽|ドキュメンタリー】,6158,https://item.rakuten.co.jp/dvdoutlet/4988064498550-1/
4547366452068,B限〉Japan　Tour　2019　“Our　Loo【Blu-ray・音楽】,7208,https://item.rakuten.co.jp/dvdoutlet/4547366452068-1/
4934569362056,宇宙戦艦ヤマト2202 愛の戦士たち 2(’17宇宙戦艦ヤマト2202製作委員会)【Blu-ray/アニメ】,5575,https://item.rakuten.co.jp/dvdoutlet/4934569362056-1/
4988003814786,堀江由衣/堀江由衣をめぐる冒険III〜Secret Mission Tour〜【Blu-ray/邦楽】,6457,https://item.rakuten.co.jp/dvdoutlet/4988003814786-1/
4571436908858,落第騎士の英雄譚(キャバルリィ) 第3巻【DVD/アニメ】,5278,https://item.rakuten.co.jp/dvdoutlet/4571436908858-1/
4935228155583,【アウトレット品】プリンス・オブ・ストライド オルタナティブ 01【Blu-ray/アニメ】,4824,https://item.rakuten.co.jp/dvdoutlet/4935228155583-3/
