No.,NAME,PRICE,URL
1,ミッション：ポッシブル [ キム・ヨングァン ],3218,https://item.rakuten.co.jp/book/16755677/
2,ライフジャケット 検定 認定 自動膨脹Aタイプ 国土交通省 桜マーク 釣り アウトドア フィッシング 救命胴衣 ベルトタイプ ウエスト 腰巻 人気 防災 安い 船【ブラック・レッド・ブルーカモ・グレーカモ・スカイブルー】自動膨脹式救命具,9900,https://item.rakuten.co.jp/geki1geki1/10000060/
3,ワイルド・スピード オクタロジー DVD SET(初回生産限定) [ ヴィン・ディーゼル ],9039,https://item.rakuten.co.jp/book/15054483/
4,ヴェロニカ・マーズ:スプリング・ブレイカーズ爆破事件 DVD コンプリート・ボックス(2枚組) [ ジェイソン・ドーリング ],8800,https://item.rakuten.co.jp/book/16532359/
5,山猫は眠らない ヘキサロジーDVDセット [ トム・ベレンジャー ],7712,https://item.rakuten.co.jp/book/14402819/
6,王宮の夜鬼 [ ヒョンビン ],4213,https://item.rakuten.co.jp/book/16146434/
7,三国志 趙雲 無双伝 [ メイ・ヤン[梅洋] ],3388,https://item.rakuten.co.jp/book/16685566/
8,ミッドウェイ [ エド・スクライン ],3353,https://item.rakuten.co.jp/book/16587495/
9,ハード・キル [ ブルース・ウィリス ],3218,https://item.rakuten.co.jp/book/16683980/
10,ノンストップ [ オム・ジョンファ ],3218,https://item.rakuten.co.jp/book/16667577/
11,【送料無料】[限定版]スター・ウォーズ オリジナル・トリロジー DVD-BOX＜3枚組＞〔初回生産限定〕/マーク・ハミル[DVD]【返品種別A】,3100,https://item.rakuten.co.jp/joshin-cddvd/4988142970626/
12,2パック【中古】DVD▼サベージ・キラー(2枚セット)1、2▽レンタル落ち 全2巻 ホラー,1559,https://item.rakuten.co.jp/youing-gaba-siro/136485-056/
13,【中古】初限)スパイキッズ スーパートリプルパック 【DVD】／アントニオ・バンデラスDVD／洋画アクション,1383,https://item.rakuten.co.jp/geoonline1/173247302/
14,【バーゲンセール】【中古】DVD▼トレマーズ(4枚セット)1・2・3・4【1、3字幕のみ】▽レンタル落ち 全4巻 ホラー,1199,https://item.rakuten.co.jp/youing-gaba-siro/45471-018/
15,【中古】メカニック：ワールドミッション 【ブルーレイ】／ジェイソン・ステイサムブルーレイ／洋画アクション,1143,https://item.rakuten.co.jp/geoonline1/136396702/
16,ポセイドン,1100,https://item.rakuten.co.jp/ebest-dvd/0000001049185/
17,ワイルド・スピード／スーパーコンボ,1100,https://item.rakuten.co.jp/ebest-dvd/0000001608793/
18,キャノンボール2 [ バート・レイノルズ ],1100,https://item.rakuten.co.jp/book/6379952/
19,酔拳2 [ ジャッキー・チェン[成龍] ],1100,https://item.rakuten.co.jp/book/6381916/
20,ハッピー・ザ・ベスト!::トップガン スペシャル・エディション [ トム・クルーズ ],1100,https://item.rakuten.co.jp/book/6989895/
21,スピード [ キアヌ・リーヴス ],1100,https://item.rakuten.co.jp/book/11749650/
22,ポリス・ストーリー/香港国際警察 ＜完全日本語吹替版＞ [ ジャッキー・チェン[成龍] ],1100,https://item.rakuten.co.jp/book/12472117/
23,パイレーツ・オブ・カリビアン/最後の海賊 [ ジョニー・デップ ],1100,https://item.rakuten.co.jp/book/15698449/
24,オーシャンズ8 [ サンドラ・ブロック ],1100,https://item.rakuten.co.jp/book/15827274/
25,REDリターンズ [ ブルース・ウィリス ],1100,https://item.rakuten.co.jp/book/16447460/
26,ハンターキラー 潜航せよ [ ジェラルド・バトラー ],1100,https://item.rakuten.co.jp/book/16533868/
27,フューリー/ブラッド・ピット[DVD]【返品種別A】,1100,https://item.rakuten.co.jp/joshin-cddvd/4547462095817/
28,ワイルド・スピード/スーパーコンボ/ドウェイン・ジョンソン[DVD]【返品種別A】,1100,https://item.rakuten.co.jp/joshin-cddvd/4988102870706/
29,デスティニー・イン・ザ・ウォー [ エミール・ハーシュ ],1056,https://item.rakuten.co.jp/book/15749091/
30,タンク・ソルジャー 重戦車KV-1 [ アンドレイ・チェルニショフ ],1056,https://item.rakuten.co.jp/book/15888317/
